,Report Date,Report Type,Download Report,Development District Name
0,Dec-20,5-Year Plan,https://www.statsamerica.org/ceds/ceds_files/2020_00_5_1_136.pdf,Franklin Regional Council of Governments
0,Jun-13,5-Year Plan,https://www.statsamerica.org/ceds/ceds_files/2013_06_5_1_137.pdf,Merrimack Valley Planning Commission
1,Jun-18,5-Year Plan,https://www.statsamerica.org/ceds/ceds_files/2018_06_5_1_137.pdf,Merrimack Valley Planning Commission
0,Dec-15,5-Year Plan,https://www.statsamerica.org/ceds/ceds_files/2015_00_5_1_138.pdf,Metropolitan Area Planning Council
0,Dec-19,5-Year Plan,https://www.statsamerica.org/ceds/ceds_files/2019_00_5_1_139.pdf,Montachusett Regional Planning Commission
1,Feb-14,5-Year Plan,https://www.statsamerica.org/ceds/ceds_files/2014_02_5_1_139.pdf,Montachusett Regional Planning Commission
0,Dec-20,5-Year Plan,https://www.statsamerica.org/ceds/ceds_files/2020_00_5_1_140.pdf,Old Colony Planning Council
1,Jun-12,5-Year Plan,https://www.statsamerica.org/ceds/ceds_files/2012_06_5_1_140.pdf,Old Colony Planning Council
0,Dec-14,5-Year Plan,https://www.statsamerica.org/ceds/ceds_files/2014_00_5_1_141.pdf,Pioneer Valley Planning Commission
1,Dec-19,5-Year Plan,https://www.statsamerica.org/ceds/ceds_files/2019_00_5_1_141.pdf,Pioneer Valley Planning Commission
0,Jun-11,5-Year Plan,https://www.statsamerica.org/ceds/ceds_files/2011_06_5_1_142.pdf,Southeastern Regional Planning & Economic Development District
1,Jun-12,5-Year Plan,https://www.statsamerica.org/ceds/ceds_files/2012_06_5_1_142.pdf,Southeastern Regional Planning & Economic Development District
2,Jun-13,5-Year Plan,https://www.statsamerica.org/ceds/ceds_files/2013_06_5_1_142.pdf,Southeastern Regional Planning & Economic Development District
3,Jun-14,5-Year Plan,https://www.statsamerica.org/ceds/ceds_files/2014_06_5_1_142.pdf,Southeastern Regional Planning & Economic Development District
4,Jun-15,5-Year Plan,https://www.statsamerica.org/ceds/ceds_files/2015_06_5_1_142.pdf,Southeastern Regional Planning & Economic Development District
0,Dec-18,5-Year Plan,https://www.statsamerica.org/ceds/ceds_files/2018_00_5_1_145.pdf,"Tri-County Council for Western Maryland, Inc"
0,Dec-18,5-Year Plan,https://www.statsamerica.org/ceds/ceds_files/2018_00_5_1_146.pdf,Androscoggin Valley Council of Governments
1,Jun-15,5-Year Plan,https://www.statsamerica.org/ceds/ceds_files/2015_06_5_1_146.pdf,Androscoggin Valley Council of Governments
0,Dec-14,5-Year Plan,https://www.statsamerica.org/ceds/ceds_files/2014_00_5_1_148.pdf,Eastern Maine Development Corporation
0,Dec-08,5-Year Plan,https://www.statsamerica.org/ceds/ceds_files/2008_00_5_1_150.pdf,Kennebec Valley Council of Governments
0,Jun-14,5-Year Plan,https://www.statsamerica.org/ceds/ceds_files/2014_06_5_1_151.pdf,Midcoast Economic Development District
0,Dec-98,5-Year Plan,https://www.statsamerica.org/ceds/ceds_files/1998_00_5_1_147.pdf,Aroostook-Washington Economic Development District
1,Dec-18,5-Year Plan,https://www.statsamerica.org/ceds/ceds_files/2018_00_5_1_147.pdf,Aroostook-Washington Economic Development District
2,Apr-15,5-Year Plan,https://www.statsamerica.org/ceds/ceds_files/2015_04_5_1_147.pdf,Aroostook-Washington Economic Development District
0,Dec-14,5-Year Plan,https://www.statsamerica.org/ceds/ceds_files/2014_00_5_1_152.pdf,Southern Maine Regional Planning Commission
0,Dec-13,5-Year Plan,https://www.statsamerica.org/ceds/ceds_files/2013_00_5_1_249.pdf,North Country Council
0,Dec-11,5-Year Plan,https://www.statsamerica.org/ceds/ceds_files/2011_00_5_1_252.pdf,South Jersey Economic Development District
0,Dec-18,5-Year Plan,https://www.statsamerica.org/ceds/ceds_files/2018_00_5_1_261.pdf,Capital District Regional Planning Commission
1,Sep-12,5-Year Plan,https://www.statsamerica.org/ceds/ceds_files/2012_09_5_1_261.pdf,Capital District Regional Planning Commission
0,Jun-13,5-Year Plan,https://www.statsamerica.org/ceds/ceds_files/2013_06_5_1_262.pdf,Central New York Regional Planning and Development Board
0,Jun-14,5-Year Plan,https://www.statsamerica.org/ceds/ceds_files/2014_06_5_1_361.pdf,Crater Planning District Commission
0,Dec-13,5-Year Plan,https://www.statsamerica.org/ceds/ceds_files/2013_12_5_1_364.pdf,Mount Rogers Planning District Commission
0,Dec-14,5-Year Plan,https://www.statsamerica.org/ceds/ceds_files/2014_00_5_1_365.pdf,New River Valley Planning District Commission
1,Dec-15,5-Year Plan,https://www.statsamerica.org/ceds/ceds_files/2015_00_5_1_365.pdf,New River Valley Planning District Commission
0,Dec-18,5-Year Plan,https://www.statsamerica.org/ceds/ceds_files/2018_00_5_1_366.pdf,Northern Neck Planning District Commission
1,Apr-13,5-Year Plan,https://www.statsamerica.org/ceds/ceds_files/2013_04_5_1_366.pdf,Northern Neck Planning District Commission
0,Dec-15,5-Year Plan,https://www.statsamerica.org/ceds/ceds_files/2015_00_5_1_367.pdf,Southside Planning District Commission
0,Dec-15,5-Year Plan,https://www.statsamerica.org/ceds/ceds_files/2015_00_5_1_368.pdf,West Piedmont Planning District Commission
1,Dec-19,5-Year Plan,https://www.statsamerica.org/ceds/ceds_files/2019_00_5_1_368.pdf,West Piedmont Planning District Commission
0,Dec-16,5-Year Plan,https://www.statsamerica.org/ceds/ceds_files/2016_00_5_1_370.pdf,Northern Vermont Economic Development District
0,Dec-14,5-Year Plan,https://www.statsamerica.org/ceds/ceds_files/2014_00_5_1_386.pdf,BCKP Regional Intergovernmental Council (Region 3)
0,Dec-13,5-Year Plan,https://www.statsamerica.org/ceds/ceds_files/2013_00_5_1_388.pdf,Brooke-Hancock Regional Planning and Development Commission
0,Dec-14,5-Year Plan,https://www.statsamerica.org/ceds/ceds_files/2014_00_5_1_389.pdf,Eastern Panhandle Regional Planning and Development Commission (Region 9)
0,Dec-12,5-Year Plan,https://www.statsamerica.org/ceds/ceds_files/2012_00_5_1_390.pdf,Mid-Ohio Valley Regional Council (Region 5)
1,Dec-16,5-Year Plan,https://www.statsamerica.org/ceds/ceds_files/2016_00_5_1_390.pdf,Mid-Ohio Valley Regional Council (Region 5)
0,Dec-18,5-Year Plan,https://www.statsamerica.org/ceds/ceds_files/2018_00_1_1_8.pdf,Northwest Alabama Council of Local Governments
1,Aug-07,5-Year Plan,https://www.statsamerica.org/ceds/ceds_files/2007_08_1_1_8.pdf,Northwest Alabama Council of Local Governments
0,Dec-17,5-Year Plan,https://www.statsamerica.org/ceds/ceds_files/2017_00_1_1_10.pdf,South Alabama Regional Planning Commission
1,Aug-07,5-Year Plan,https://www.statsamerica.org/ceds/ceds_files/2007_08_1_1_10.pdf,South Alabama Regional Planning Commission
0,Dec-18,5-Year Plan,https://www.statsamerica.org/ceds/ceds_files/2018_00_1_1_11.pdf,South Central Alabama Development Commission
1,Oct-09,5-Year Plan,https://www.statsamerica.org/ceds/ceds_files/2009_10_1_1_11.pdf,South Central Alabama Development Commission
0,Dec-17,5-Year Plan,https://www.statsamerica.org/ceds/ceds_files/2017_00_1_1_12.pdf,Southeast Alabama Regional Planning and Development Commission
1,Oct-07,5-Year Plan,https://www.statsamerica.org/ceds/ceds_files/2007_10_1_1_12.pdf,Southeast Alabama Regional Planning and Development Commission
0,Dec-18,5-Year Plan,https://www.statsamerica.org/ceds/ceds_files/2018_00_1_1_13.pdf,Top of Alabama Regional Council of Governments
0,Dec-07,5-Year Plan,https://www.statsamerica.org/ceds/ceds_files/2107_00_1_1_14.pdf,West Alabama Regional Commission
0,Dec-18,5-Year Plan,https://www.statsamerica.org/ceds/ceds_files/2018_00_1_1_42.pdf,Apalachee Regional Planning Council
0,Dec-13,5-Year Plan,https://www.statsamerica.org/ceds/ceds_files/2013_00_1_1_44.pdf,East Central Florida Regional Planning Council
1,Dec-15,5-Year Plan,https://www.statsamerica.org/ceds/ceds_files/2015_00_1_1_44.pdf,East Central Florida Regional Planning Council
2,Dec-17,5-Year Plan,https://www.statsamerica.org/ceds/ceds_files/2017_00_1_1_44.pdf,East Central Florida Regional Planning Council
0,Sep-12,5-Year Plan,https://www.statsamerica.org/ceds/ceds_files/2012_09_1_1_45.pdf,North Central Florida Regional Planning Council
0,Dec-17,5-Year Plan,https://www.statsamerica.org/ceds/ceds_files/2017_00_1_1_57.pdf,Heart of Georgia Altamaha Regional Commission
0,Dec-13,5-Year Plan,https://www.statsamerica.org/ceds/ceds_files/2013_00_1_1_61.pdf,River Valley Regional Commission
1,Dec-18,5-Year Plan,https://www.statsamerica.org/ceds/ceds_files/2018_00_1_1_61.pdf,Report Type
0,Dec-04,5-Year Plan,https://www.statsamerica.org/ceds/ceds_files/2004_00_5_1_41.pdf,Southeastern Connecticut Enterprise Region Corporation
1,Dec-11,5-Year Plan,https://www.statsamerica.org/ceds/ceds_files/2011_00_5_1_41.pdf,Southeastern Connecticut Enterprise Region Corporation
2,Dec-17,5-Year Plan,https://www.statsamerica.org/ceds/ceds_files/2017_00_5_1_41.pdf,Southeastern Connecticut Enterprise Region Corporation
0,Dec-14,5-Year Plan,https://www.statsamerica.org/ceds/ceds_files/2014_00_1_1_46.pdf,Northeast Florida Regional Council
1,Dec-19,5-Year Plan,https://www.statsamerica.org/ceds/ceds_files/2019_00_1_1_46.pdf,Northeast Florida Regional Council
0,Dec-12,5-Year Plan,https://www.statsamerica.org/ceds/ceds_files/2012_00_1_1_58.pdf,Middle Georgia Regional Commission
1,Dec-17,5-Year Plan,https://www.statsamerica.org/ceds/ceds_files/2017_00_1_1_58.pdf,Middle Georgia Regional Commission
0,Dec-17,5-Year Plan,https://www.statsamerica.org/ceds/ceds_files/2017_00_3_1_163.pdf,Region 2 Planning Commission
1,Oct-10,5-Year Plan,https://www.statsamerica.org/ceds/ceds_files/2010_10_3_1_163.pdf,Region 2 Planning Commission
0,Dec-17,5-Year Plan,https://www.statsamerica.org/ceds/ceds_files/2017_00_1_1_59.pdf,Northeast Georgia Regional Commission
0,Dec-17,5-Year Plan,https://www.statsamerica.org/ceds/ceds_files/2017_00_1_1_119.pdf,Gateway Area Development District (KY DLG/Gold)
0,Dec-17,5-Year Plan,https://www.statsamerica.org/ceds/ceds_files/2017_00_1_1_122.pdf,Kentucky River Area Development District (KY DLG/Gold)
0,Dec-13,5-Year Plan,https://www.statsamerica.org/ceds/ceds_files/2013_00_1_1_123.pdf,Lake Cumberland Area Development District (KY DLG/Gold)
1,Dec-17,5-Year Plan,https://www.statsamerica.org/ceds/ceds_files/2017_00_1_1_123.pdf,Lake Cumberland Area Development District (KY DLG/Gold)
0,Dec-17,5-Year Plan,https://www.statsamerica.org/ceds/ceds_files/2017_00_1_1_124.pdf,Lincoln Trail Area Development District (KY DLG/Gold)
0,Nov-17,5-Year Plan,https://www.statsamerica.org/ceds/ceds_files/2017_11_1_1_126.pdf,Pennyrile Area Development District (KY DLG/Gold)
0,Oct-12,5-Year Plan,https://www.statsamerica.org/ceds/ceds_files/2012_10_1_1_222.pdf,Albemarle Regional Planning Commission
1,Oct-17,5-Year Plan,https://www.statsamerica.org/ceds/ceds_files/2017_10_1_1_222.pdf,Albemarle Regional Planning Commission
0,Dec-12,5-Year Plan,https://www.statsamerica.org/ceds/ceds_files/2012_00_1_1_223.pdf,Centralina Economic Development Commission
1,Dec-17,5-Year Plan,https://www.statsamerica.org/ceds/ceds_files/2017_00_1_1_223.pdf,Centralina Economic Development Commission
0,Dec-12,5-Year Plan,https://www.statsamerica.org/ceds/ceds_files/2012_00_1_1_224.pdf,Eastern Carolina Council
1,Dec-17,5-Year Plan,https://www.statsamerica.org/ceds/ceds_files/2017_00_1_1_224.pdf,Eastern Carolina Council
0,Dec-16,5-Year Plan,https://www.statsamerica.org/ceds/ceds_files/2016_00_1_1_225.pdf,High Country Council of Governments
0,Dec-13,5-Year Plan,https://www.statsamerica.org/ceds/ceds_files/2013_00_1_1_226.pdf,Kerr-Tar Regional Council of Governments
1,Dec-17,5-Year Plan,https://www.statsamerica.org/ceds/ceds_files/2017_00_1_1_226.pdf,Kerr-Tar Regional Council of Governments
0,Dec-15,5-Year Plan,https://www.statsamerica.org/ceds/ceds_files/2015_00_1_1_227.pdf,Land of Sky Regional Council
0,Dec-15,5-Year Plan,https://www.statsamerica.org/ceds/ceds_files/2015_00_1_1_228.pdf,Mid East Economic Development Commission
0,Sep-12,5-Year Plan,https://www.statsamerica.org/ceds/ceds_files/2012_09_1_1_229.pdf,Southeastern Economic Development Commission
0,Dec-13,5-Year Plan,https://www.statsamerica.org/ceds/ceds_files/2013_00_4_1_325.pdf,South Central Development District
1,Dec-17,5-Year Plan,https://www.statsamerica.org/ceds/ceds_files/2017_00_1_1_325.pdf,South Central Development District
0,Dec-15,5-Year Plan,https://www.statsamerica.org/ceds/ceds_files/2015_00_1_1_326.pdf,Southeast Tennessee Development District
1,Dec-18,5-Year Plan,https://www.statsamerica.org/ceds/ceds_files/2018_00_1_1_326.pdf,Southeast Tennessee Development District
0,Dec-17,5-Year Plan,https://www.statsamerica.org/ceds/ceds_files/2017_00_1_1_327.pdf,Southwest Tennessee Development District
1,Jul-12,5-Year Plan,https://www.statsamerica.org/ceds/ceds_files/2012_07_6_1_327.pdf,Southwest Tennessee Development District
0,Dec-17,5-Year Plan,https://www.statsamerica.org/ceds/ceds_files/2017_00_1_1_328.pdf,Upper Cumberland Development District
0,Dec-14,5-Year Plan,https://www.statsamerica.org/ceds/ceds_files/2014_00_4_1_34.pdf,"Region 10 League for Economic Assistance and Planning, Inc."
1,Dec-19,5-Year Plan,https://www.statsamerica.org/ceds/ceds_files/2019_00_4_1_34.pdf,"Region 10 League for Economic Assistance and Planning, Inc."
0,Dec-15,5-Year Plan,https://www.statsamerica.org/ceds/ceds_files/2015_00_4_1_107.pdf,Great Plains Development Inc
0,Dec-19,5-Year Plan,https://www.statsamerica.org/ceds/ceds_files/2019_00_4_1_109.pdf,North Central Regional Planning Commission
1,Mar-14,5-Year Plan,https://www.statsamerica.org/ceds/ceds_files/2014_03_4_1_109.pdf,North Central Regional Planning Commission
0,Dec-13,5-Year Plan,https://www.statsamerica.org/ceds/ceds_files/2013_00_4_1_110.pdf,Northwest Kansas Planning and Development Commission
0,Dec-17,5-Year Plan,https://www.statsamerica.org/ceds/ceds_files/2017_00_4_1_111.pdf,"South Central Kansas Economic Development District, Inc. "
1,Nov-06,5-Year Plan,https://www.statsamerica.org/ceds/ceds_files/2006_11_4_1_111.pdf,"South Central Kansas Economic Development District, Inc. "
0,Dec-13,5-Year Plan,https://www.statsamerica.org/ceds/ceds_files/2013_00_4_1_200.pdf,Southeast Missouri Regional Planning and Economic Development Commission
1,Nov-07,5-Year Plan,https://www.statsamerica.org/ceds/ceds_files/2007_11_4_1_200.pdf,Southeast Missouri Regional Planning and Economic Development Commission
0,Dec-07,5-Year Plan,https://www.statsamerica.org/ceds/ceds_files/2007_00_4_1_199.pdf,South Central Ozarks Council of Governments
1,Dec-14,5-Year Plan,https://www.statsamerica.org/ceds/ceds_files/2014_00_4_1_199.pdf,South Central Ozarks Council of Governments
0,Dec-12,5-Year Plan,https://www.statsamerica.org/ceds/ceds_files/2012_00_4_1_211.pdf,Bear Paw Development Corporation of Northern Montana
1,Dec-15,5-Year Plan,https://www.statsamerica.org/ceds/ceds_files/2015_00_4_1_211.pdf,Bear Paw Development Corporation of Northern Montana
2,Dec-20,5-Year Plan,https://www.statsamerica.org/ceds/ceds_files/2020_00_4_1_211.pdf,Bear Paw Development Corporation of Northern Montana
0,Dec-19,5-Year Plan,https://www.statsamerica.org/ceds/ceds_files/2019_00_4_1_212.pdf,"Beartooth Resource Conservation & Development Area, Inc."
0,Dec-14,5-Year Plan,https://www.statsamerica.org/ceds/ceds_files/2014_00_4_1_217.pdf,"Montana Business Assistance Connections, Inc."
1,Dec-19,5-Year Plan,https://www.statsamerica.org/ceds/ceds_files/2019_00_4_1_217.pdf,"Montana Business Assistance Connections, Inc."
0,Dec-17,5-Year Plan,https://www.statsamerica.org/ceds/ceds_files/2017_00_4_1_215.pdf,Great Northern Development Corporation
1,Jun-12,5-Year Plan,https://www.statsamerica.org/ceds/ceds_files/2012_06_4_1_215.pdf,Great Northern Development Corporation
0,Dec-12,5-Year Plan,https://www.statsamerica.org/ceds/ceds_files/2012_00_4_1_216.pdf,"Headwaters Resource Conservation & Development Area, Inc."
1,Dec-17,5-Year Plan,https://www.statsamerica.org/ceds/ceds_files/2017_00_4_1_216.pdf,"Headwaters Resource Conservation & Development Area, Inc."
0,Dec-12,5-Year Plan,https://www.statsamerica.org/ceds/ceds_files/2012_00_4_1_218.pdf,"North Central Montana Economic Development District, Inc. dba Sweetgrass Development"
1,Dec-17,5-Year Plan,https://www.statsamerica.org/ceds/ceds_files/2017_00_4_1_218.pdf,"North Central Montana Economic Development District, Inc. dba Sweetgrass Development"
0,Jun-17,5-Year Plan,https://www.statsamerica.org/ceds/ceds_files/2017_06_4_1_220.pdf,Snowy Mountain Development Corporation
0,Dec-11,5-Year Plan,https://www.statsamerica.org/ceds/ceds_files/2011_00_4_1_221.pdf,Southeastern Montana Development Corporation
0,Dec-18,5-Year Plan,https://www.statsamerica.org/ceds/ceds_files/2018_00_4_1_247.pdf,Southeast Nebraska Development District
1,Jun-12,5-Year Plan,https://www.statsamerica.org/ceds/ceds_files/2012_06_4_1_247.pdf,Southeast Nebraska Development District
0,Dec-14,5-Year Plan,https://www.statsamerica.org/ceds/ceds_files/2014_00_4_1_248.pdf,West Central Nebraska Economic Development District
1,Dec-19,5-Year Plan,https://www.statsamerica.org/ceds/ceds_files/2019_00_5_1_248.pdf,West Central Nebraska Economic Development District
0,Dec-14,5-Year Plan,https://www.statsamerica.org/ceds/ceds_files/2014_00_4_1_314.pdf,Black Hills Council of Local Governments
1,Dec-19,5-Year Plan,https://www.statsamerica.org/ceds/ceds_files/2019_00_5_1_314.pdf,Black Hills Council of Local Governments
0,Dec-12,5-Year Plan,https://www.statsamerica.org/ceds/ceds_files/2012_00_4_1_316.pdf,First District Association of Local Governments
1,Dec-17,5-Year Plan,https://www.statsamerica.org/ceds/ceds_files/2017_00_5_1_316.pdf,First District Association of Local Governments
0,Dec-14,5-Year Plan,https://www.statsamerica.org/ceds/ceds_files/2014_00_4_1_317.pdf,Northeast Council of Governments
1,Dec-19,5-Year Plan,https://www.statsamerica.org/ceds/ceds_files/2019_00_5_1_317.pdf,Northeast Council of Governments
0,Dec-14,5-Year Plan,https://www.statsamerica.org/ceds/ceds_files/2014_00_4_1_318.pdf,Planning & Development District III
1,Dec-19,5-Year Plan,https://www.statsamerica.org/ceds/ceds_files/2019_00_4_1_318.pdf,Planning & Development District III
0,Dec-14,5-Year Plan,https://www.statsamerica.org/ceds/ceds_files/2014_00_3_1_86.pdf,Blackhawk Hills Regional Council
1,Dec-19,5-Year Plan,https://www.statsamerica.org/ceds/ceds_files/2019_00_0_1_86.pdf,Blackhawk Hills Regional Council
0,Dec-12,5-Year Plan,https://www.statsamerica.org/ceds/ceds_files/2012_00_3_1_88.pdf,Greater Peoria EDC
1,Dec-15,5-Year Plan,https://www.statsamerica.org/ceds/ceds_files/2015_00_3_1_88.pdf,Greater Peoria EDC
2,Dec-21,5-Year Plan,https://www.statsamerica.org/ceds/ceds_files/2021_00_3_1_88.pdf,Greater Peoria EDC
0,Aug-10,5-Year Plan,https://www.statsamerica.org/ceds/ceds_files/2010_08_3_1_89.pdf,Greater Egypt Regional Planning and Development Commission
0,Dec-17,5-Year Plan,https://www.statsamerica.org/ceds/ceds_files/2017_00_3_1_90.pdf,Greater Wabash Regional Planning and Development Commission
1,Feb-11,5-Year Plan,https://www.statsamerica.org/ceds/ceds_files/2011_02_3_1_90.pdf,Greater Wabash Regional Planning and Development Commission
0,Dec-17,5-Year Plan,https://www.statsamerica.org/ceds/ceds_files/2017_00_3_1_91.pdf,North Central Illinois Council of Governments
1,Sep-12,5-Year Plan,https://www.statsamerica.org/ceds/ceds_files/2012_09_3_1_91.pdf,North Central Illinois Council of Governments
0,Dec-17,5-Year Plan,https://www.statsamerica.org/ceds/ceds_files/2017_00_3_1_92.pdf,South Central Illinois Regional Planning and Development Commission
0,May-11,5-Year Plan,https://www.statsamerica.org/ceds/ceds_files/2011_05_3_1_93.pdf,Southeastern Illinois Regional Planning and Development Commission
0,Dec-16,5-Year Plan,https://www.statsamerica.org/ceds/ceds_files/2016_00_3_1_94.pdf,Southern Five Regional Planning and Development Commission
0,Dec-15,5-Year Plan,https://www.statsamerica.org/ceds/ceds_files/2015_00_3_1_161.pdf,Northwest Michigan Council of Governments (Networks Northwest)
0,Dec-12,5-Year Plan,https://www.statsamerica.org/ceds/ceds_files/2012_00_3_1_167.pdf,Southwest Michigan Planning Commission
1,Dec-13,5-Year Plan,https://www.statsamerica.org/ceds/ceds_files/2013_00_3_1_167.pdf,Southwest Michigan Planning Commission
2,Dec-18,5-Year Plan,https://www.statsamerica.org/ceds/ceds_files/2018_00_3_1_167.pdf,Southwest Michigan Planning Commission
0,Jun-13,5-Year Plan,https://www.statsamerica.org/ceds/ceds_files/2013_06_3_1_168.pdf,Tri-County Regional Planning Commission
0,Dec-18,5-Year Plan,https://www.statsamerica.org/ceds/ceds_files/2018_00_3_1_172.pdf,West Michigan Shoreline Regional Development Commission
0,Jan-12,5-Year Plan,https://www.statsamerica.org/ceds/ceds_files/2012_01_3_1_171.pdf,West Michigan Regional Planning Commission
0,Dec-11,5-Year Plan,https://www.statsamerica.org/ceds/ceds_files/2011_00_3_1_173.pdf,Western Upper Peninsula Planning and Development Regional Commission
1,Dec-17,5-Year Plan,https://www.statsamerica.org/ceds/ceds_files/2017_00_3_1_173.pdf,Western Upper Peninsula Planning and Development Regional Commission
0,Dec-10,5-Year Plan,https://www.statsamerica.org/ceds/ceds_files/2010_00_3_1_174.pdf,Arrowhead Regional Development Commission
1,Dec-17,5-Year Plan,https://www.statsamerica.org/ceds/ceds_files/2017_00_3_1_174.pdf,Arrowhead Regional Development Commission
0,Dec-11,5-Year Plan,https://www.statsamerica.org/ceds/ceds_files/2011_00_3_1_175.pdf,East Central Regional Development Commission
0,Dec-17,5-Year Plan,https://www.statsamerica.org/ceds/ceds_files/2017_00_3_1_176.pdf,Headwaters Regional Development Commission
0,Dec-17,5-Year Plan,https://www.statsamerica.org/ceds/ceds_files/2017_00_3_1_381.pdf,Mississippi River Regional Planning Commission
1,Apr-12,5-Year Plan,https://www.statsamerica.org/ceds/ceds_files/2012_04_3_1_381.pdf,Mississippi River Regional Planning Commission
0,Dec-14,5-Year Plan,https://www.statsamerica.org/ceds/ceds_files/2014_00_3_1_382.pdf,North Central Wisconsin Regional Planning Commission
0,Dec-21,5-Year Plan,https://www.statsamerica.org/ceds/ceds_files/2021_00_3_1_383.pdf,Northwest Regional Planning Commission
1,Oct-15,5-Year Plan,https://www.statsamerica.org/ceds/ceds_files/2015_10_3_1_383.pdf,Northwest Regional Planning Commission
0,Dec-15,5-Year Plan,https://www.statsamerica.org/ceds/ceds_files/2015_00_1_1_384.pdf,Southwest Wisconsin Regional Planning Commission
1,Dec-19,5-Year Plan,https://www.statsamerica.org/ceds/ceds_files/2019_00_3_1_384.pdf,Southwest Wisconsin Regional Planning Commission
0,Dec-15,5-Year Plan,https://www.statsamerica.org/ceds/ceds_files/2015_00_3_1_385.pdf,West Central Wisconsin Regional Planning Commission
0,Dec-09,5-Year Plan,https://www.statsamerica.org/ceds/ceds_files/2009_00_6_1_1.pdf,Kenai Peninsula Economic Development District
0,Dec-11,5-Year Plan,https://www.statsamerica.org/ceds/ceds_files/2011_00_6_1_2.pdf,Prince William Sound Economic Development District
0,Dec-11,5-Year Plan,https://www.statsamerica.org/ceds/ceds_files/2011_00_6_1_3.pdf,Southeast Conference
1,Dec-16,5-Year Plan,https://www.statsamerica.org/ceds/ceds_files/2016_00_6_1_3.pdf,Southeast Conference
0,Dec-14,5-Year Plan,https://www.statsamerica.org/ceds/ceds_files/2014_00_6_1_4.pdf,Southwest Alaska Municipal Conference
0,Dec-12,5-Year Plan,https://www.statsamerica.org/ceds/ceds_files/2012_00_6_1_23.pdf,Central Arizona Association of Government
0,Dec-15,5-Year Plan,https://www.statsamerica.org/ceds/ceds_files/2015_00_6_1_24.pdf,Northern Arizona Council of Governments
1,Dec-20,5-Year Plan,https://www.statsamerica.org/ceds/ceds_files/2020_00_6_1_24.pdf,Northern Arizona Council of Governments
0,Jul-15,5-Year Plan,https://www.statsamerica.org/ceds/ceds_files/2015_07_6_1_25.pdf,SouthEastern Arizona Governments Organization
0,Dec-13,5-Year Plan,https://www.statsamerica.org/ceds/ceds_files/2013_00_6_1_28.pdf,Sierra Economic Development District
0,Dec-10,5-Year Plan,https://www.statsamerica.org/ceds/ceds_files/2010_00_6_1_26.pdf,3Core Economic Development Corporation (CA)/Tri-County EDD
1,Dec-16,5-Year Plan,https://www.statsamerica.org/ceds/ceds_files/2016_00_6_1_26.pdf,3Core Economic Development Corporation (CA)/Tri-County EDD
0,Dec-15,5-Year Plan,https://www.statsamerica.org/ceds/ceds_files/2015_00_6_1_30.pdf,Yuba-Sutter Economic Development Corporation
0,Dec-20,5-Year Plan,https://www.statsamerica.org/ceds/ceds_files/2020_00_6_1_79.pdf,Clearwater Economic Development Association
0,Dec-14,5-Year Plan,https://www.statsamerica.org/ceds/ceds_files/2014_00_6_1_80.pdf,East-Central Idaho Planning and Development Association
1,Dec-20,5-Year Plan,https://www.statsamerica.org/ceds/ceds_files/2020_00_6_1_80.pdf,East-Central Idaho Planning and Development Association
0,Dec-14,5-Year Plan,https://www.statsamerica.org/ceds/ceds_files/2014_00_6_1_81.pdf,"Panhandle Area Council, Inc."
1,Dec-20,5-Year Plan,https://www.statsamerica.org/ceds/ceds_files/2020_00_6_1_81.pdf,"Panhandle Area Council, Inc."
0,Dec-14,5-Year Plan,https://www.statsamerica.org/ceds/ceds_files/2014_00_6_1_82.pdf,Region IV Development Association Inc
0,Dec-20,5-Year Plan,https://www.statsamerica.org/ceds/ceds_files/2020_00_6_1_84.pdf,Southeast Idaho Council of Governments
1,Apr-13,5-Year Plan,https://www.statsamerica.org/ceds/ceds_files/2013_04_6_1_84.pdf,Southeast Idaho Council of Governments
0,Dec-14,5-Year Plan,https://www.statsamerica.org/ceds/ceds_files/2014_00_6_1_260.pdf,Western Nevada Development District
1,Dec-20,5-Year Plan,https://www.statsamerica.org/ceds/ceds_files/2020_00_6_1_260.pdf,Western Nevada Development District
0,Dec-14,5-Year Plan,https://www.statsamerica.org/ceds/ceds_files/2014_00_6_1_286.pdf,CCD Business Development Corporation
0,Nov-07,5-Year Plan,https://www.statsamerica.org/ceds/ceds_files/2007_11_6_1_287.pdf,Central Oregon Intergovernmental Council
0,Dec-14,5-Year Plan,https://www.statsamerica.org/ceds/ceds_files/2014_00_6_1_289.pdf,Greater Eastern Oregon Development Corporation
0,Dec-17,5-Year Plan,https://www.statsamerica.org/ceds/ceds_files/2017_00_6_1_291.pdf,Mid Columbia Economic Development District
0,Dec-12,5-Year Plan,https://www.statsamerica.org/ceds/ceds_files/2012_00_6_1_292.pdf,Mid Willamette Valley Council of Governments
0,Dec-13,5-Year Plan,https://www.statsamerica.org/ceds/ceds_files/2013_00_6_1_293.pdf,Northeast Oregon Economic Development District
0,Dec-10,5-Year Plan,https://www.statsamerica.org/ceds/ceds_files/2010_00_6_1_294.pdf,Oregon Cascades West Council of Governments
1,Dec-15,5-Year Plan,https://www.statsamerica.org/ceds/ceds_files/2015_00_6_1_294.pdf,Oregon Cascades West Council of Governments
0,Nov-13,5-Year Plan,https://www.statsamerica.org/ceds/ceds_files/2013_11_6_1_295.pdf,South Central Oregon Economic Development District
0,Dec-17,5-Year Plan,https://www.statsamerica.org/ceds/ceds_files/2017_00_6_1_372.pdf,Central Puget Sound Economic Development District
0,May-07,5-Year Plan,https://www.statsamerica.org/ceds/ceds_files/2007_05_6_1_375.pdf,North Central Washington Economic Development District
0,Dec-13,5-Year Plan,https://www.statsamerica.org/ceds/ceds_files/2013_00_6_1_377.pdf,Southeast Washington Economic Development Association
1,Dec-18,5-Year Plan,https://www.statsamerica.org/ceds/ceds_files/2018_00_6_1_377.pdf,Southeast Washington Economic Development Association
0,Dec-11,5-Year Plan,https://www.statsamerica.org/ceds/ceds_files/2011_00_6_1_376.pdf,Peninsula Development District
0,Dec-18,5-Year Plan,https://www.statsamerica.org/ceds/ceds_files/2018_00_6_1_378.pdf,Tri County Economic Development District (WA)
1,Jun-13,5-Year Plan,https://www.statsamerica.org/ceds/ceds_files/2013_06_6_1_378.pdf,Tri County Economic Development District (WA)
0,Jun-09,5-Year Plan,https://www.statsamerica.org/ceds/ceds_files/2009_06_2_1_15.pdf,Central Arkansas Planning and Development District
0,Dec-19,5-Year Plan,https://www.statsamerica.org/ceds/ceds_files/2019_00_2_1_17.pdf,"Northwest Arkansas Economic Development District, Inc."
0,Dec-19,5-Year Plan,https://www.statsamerica.org/ceds/ceds_files/2019_00_2_1_19.pdf,Southwest Arkansas Planning and Development District
0,Dec-19,5-Year Plan,https://www.statsamerica.org/ceds/ceds_files/2019_00_2_1_20.pdf,West Central Arkansas Planning and Development District
1,Jun-14,5-Year Plan,https://www.statsamerica.org/ceds/ceds_files/2014_06_2_1_20.pdf,West Central Arkansas Planning and Development District
0,Dec-14,5-Year Plan,https://www.statsamerica.org/ceds/ceds_files/2014_00_2_1_21.pdf,Western Arkansas Planning and Development District
1,Dec-20,5-Year Plan,https://www.statsamerica.org/ceds/ceds_files/2020_00_2_1_21.pdf,Western Arkansas Planning and Development District
0,Dec-20,5-Year Plan,https://www.statsamerica.org/ceds/ceds_files/2020_00_2_1_22.pdf,White River Planning and Development District
1,Jun-14,5-Year Plan,https://www.statsamerica.org/ceds/ceds_files/2014_06_2_1_22.pdf,White River Planning and Development District
0,Dec-14,5-Year Plan,https://www.statsamerica.org/ceds/ceds_files/2014_00_2_1_128.pdf,Capital Region Planning Commission
1,Dec-19,5-Year Plan,https://www.statsamerica.org/ceds/ceds_files/2019_00_2_1_128.pdf,Capital Region Planning Commission
0,Dec-13,5-Year Plan,https://www.statsamerica.org/ceds/ceds_files/2013_00_2_1_129.pdf,Coordinating & Development Corporation
1,Dec-17,5-Year Plan,https://www.statsamerica.org/ceds/ceds_files/2017_00_2_1_129.pdf,Coordinating & Development Corporation
0,Dec-16,5-Year Plan,https://www.statsamerica.org/ceds/ceds_files/2016_00_2_1_130.pdf,Imperial Calcasieu Regional Planning and Development Commission
0,Dec-19,5-Year Plan,https://www.statsamerica.org/ceds/ceds_files/2019_00_2_1_131.pdf,Kisatchie-Delta Regional Planning and Development District
0,Dec-10,5-Year Plan,https://www.statsamerica.org/ceds/ceds_files/2010_00_2_1_132.pdf,"North Delta Regional Planning and Development District, Inc."
1,Dec-15,5-Year Plan,https://www.statsamerica.org/ceds/ceds_files/2015_00_2_1_132.pdf,"North Delta Regional Planning and Development District, Inc."
0,Dec-08,5-Year Plan,https://www.statsamerica.org/ceds/ceds_files/2008_00_2_1_133.pdf,South Central Planning and Development Commission
1,Dec-10,5-Year Plan,https://www.statsamerica.org/ceds/ceds_files/2010_00_2_1_133.pdf,South Central Planning and Development Commission
2,Dec-12,5-Year Plan,https://www.statsamerica.org/ceds/ceds_files/2012_00_2_1_133.pdf,South Central Planning and Development Commission
3,Dec-14,5-Year Plan,https://www.statsamerica.org/ceds/ceds_files/2014_00_2_1_133.pdf,South Central Planning and Development Commission
4,Dec-16,5-Year Plan,https://www.statsamerica.org/ceds/ceds_files/2016_00_2_1_133.pdf,South Central Planning and Development Commission
0,Dec-17,5-Year Plan,https://www.statsamerica.org/ceds/ceds_files/2017_00_2_1_253.pdf,Eastern Plains Council of Governments
0,Dec-15,5-Year Plan,https://www.statsamerica.org/ceds/ceds_files/2015_00_2_1_254.pdf,Mid Region Council of Governments
0,Dec-02,5-Year Plan,https://www.statsamerica.org/ceds/ceds_files/2002_00_2_1_255.pdf,North Central New Mexico Economic Development District
0,Jun-09,5-Year Plan,https://www.statsamerica.org/ceds/ceds_files/2009_06_2_1_256.pdf,Northwest New Mexico Council of Governments
0,Jun-15,5-Year Plan,https://www.statsamerica.org/ceds/ceds_files/2015_06_2_1_257.pdf,South Central New Mexico Council of Governments
1,Jun-17,5-Year Plan,https://www.statsamerica.org/ceds/ceds_files/2017_06_2_1_257.pdf,South Central New Mexico Council of Governments
0,Dec-07,5-Year Plan,https://www.statsamerica.org/ceds/ceds_files/2007_00_2_1_258.pdf,Southeastern New Mexico Economic Development District
1,Dec-11,5-Year Plan,https://www.statsamerica.org/ceds/ceds_files/2011_00_2_1_258.pdf,Southeastern New Mexico Economic Development District
0,Dec-10,5-Year Plan,https://www.statsamerica.org/ceds/ceds_files/2010_00_2_1_259.pdf,Southwest New Mexico Council of Governments
0,Jun-10,5-Year Plan,https://www.statsamerica.org/ceds/ceds_files/2010_06_2_1_276.pdf,Association of South Central Oklahoma Governments
0,Dec-10,5-Year Plan,https://www.statsamerica.org/ceds/ceds_files/2010_00_2_1_278.pdf,Eastern Oklahoma Development District
0,Dec-20,5-Year Plan,https://www.statsamerica.org/ceds/ceds_files/2020_00_2_1_279.pdf,Grand Gateway Economic Development Association
0,Dec-17,5-Year Plan,https://www.statsamerica.org/ceds/ceds_files/2017_00_2_1_282.pdf,Northern Oklahoma Development Authority
0,Dec-20,5-Year Plan,https://www.statsamerica.org/ceds/ceds_files/2020_00_2_1_283.pdf,Oklahoma Economic Development Authority
0,Dec-14,5-Year Plan,https://www.statsamerica.org/ceds/ceds_files/2014_00_2_1_285.pdf,South Western Oklahoma Development Authority
1,Dec-20,5-Year Plan,https://www.statsamerica.org/ceds/ceds_files/2020_00_2_1_285.pdf,South Western Oklahoma Development Authority
0,Dec-20,5-Year Plan,https://www.statsamerica.org/ceds/ceds_files/2020_00_2_1_284.pdf,Southern Oklahoma Development Association
0,Dec-20,5-Year Plan,https://www.statsamerica.org/ceds/ceds_files/2020_00_6_1_415.pdf,Western Arizona Economic Development District
0,Dec-17,5-Year Plan,https://www.statsamerica.org/ceds/ceds_files/2017_00_5_1_416.pdf,Western Connecticut Economic Development District
0,Dec-14,5-Year Plan,https://www.statsamerica.org/ceds/ceds_files/2014_00_5_1_70.pdf,North Iowa Area Council of Governments
1,Dec-19,5-Year Plan,https://www.statsamerica.org/ceds/ceds_files/2019_00_5_1_70.pdf,North Iowa Area Council of Governments
2,Jun-08,5-Year Plan,https://www.statsamerica.org/ceds/ceds_files/2008_06_4_1_70.pdf,North Iowa Area Council of Governments
3,Jun-14,5-Year Plan,https://www.statsamerica.org/ceds/ceds_files/2014_06_4_1_70.pdf,North Iowa Area Council of Governments
0,Dec-15,5-Year Plan,https://www.statsamerica.org/ceds/ceds_files/2015_00_4_1_71.pdf,Northwest Iowa Planning and Development Commission
0,Dec-10,5-Year Plan,https://www.statsamerica.org/ceds/ceds_files/2010_00_4_1_73.pdf,Region XII Council of Governments
1,Dec-16,5-Year Plan,https://www.statsamerica.org/ceds/ceds_files/2016_00_4_1_73.pdf,Region XII Council of Governments
0,Dec-20,5-Year Plan,https://www.statsamerica.org/ceds/ceds_files/2020_00_4_1_74.pdf,Siouxland Interstate Metropolitan Planning Council
1,Jun-15,5-Year Plan,https://www.statsamerica.org/ceds/ceds_files/2015_06_4_1_74.pdf,Siouxland Interstate Metropolitan Planning Council
0,Dec-19,5-Year Plan,https://www.statsamerica.org/ceds/ceds_files/2019_00_4_1_75.pdf,Southeast Iowa Regional Planning Commission
1,Nov-12,5-Year Plan,https://www.statsamerica.org/ceds/ceds_files/2012_11_4_1_75.pdf,Southeast Iowa Regional Planning Commission
0,Mar-15,5-Year Plan,https://www.statsamerica.org/ceds/ceds_files/2015_03_4_1_76.pdf,"Southern Iowa Council of Governments, Inc."
0,Dec-09,5-Year Plan,https://www.statsamerica.org/ceds/ceds_files/2009_00_4_1_77.pdf,Southwest Iowa Planning Council
1,Dec-15,5-Year Plan,https://www.statsamerica.org/ceds/ceds_files/2015_00_4_1_77.pdf,Southwest Iowa Planning Council
2,Dec-20,5-Year Plan,https://www.statsamerica.org/ceds/ceds_files/2020_00_4_1_77.pdf,Southwest Iowa Planning Council
0,Jun-15,5-Year Plan,https://www.statsamerica.org/ceds/ceds_files/2015_06_4_1_78.pdf,Upper Explorerland Regional Planning Commission
0,Dec-19,5-Year Plan,https://www.statsamerica.org/ceds/ceds_files/2019_00_4_1_112.pdf,Southeast Kansas Regional Planning Commission
1,Jun-14,5-Year Plan,https://www.statsamerica.org/ceds/ceds_files/2014_06_4_1_112.pdf,Southeast Kansas Regional Planning Commission
0,Dec-19,5-Year Plan,https://www.statsamerica.org/ceds/ceds_files/2019_00_4_1_184.pdf,Boonslick Regional Planning Commission
0,Dec-19,5-Year Plan,https://www.statsamerica.org/ceds/ceds_files/2019_00_4_1_185.pdf,Bootheel Regional Planning & Economic Development Commission
0,Dec-12,5-Year Plan,https://www.statsamerica.org/ceds/ceds_files/2012_00_4_1_186.pdf,Green Hills Regional Planning Commission
0,Dec-17,5-Year Plan,https://www.statsamerica.org/ceds/ceds_files/2017_00_5_1_188.pdf,Kaysinger Basin Regional Planning Commission
0,Dec-07,5-Year Plan,https://www.statsamerica.org/ceds/ceds_files/2007_00_4_1_190.pdf,Mark Twain Regional Council of Governments
1,Dec-14,5-Year Plan,https://www.statsamerica.org/ceds/ceds_files/2014_00_5_1_190.pdf,Mark Twain Regional Council of Governments
0,Dec-18,5-Year Plan,https://www.statsamerica.org/ceds/ceds_files/2018_00_4_1_191.pdf,Meramec Regional Planning Commission
0,Dec-16,5-Year Plan,https://www.statsamerica.org/ceds/ceds_files/2016_00_5_1_193.pdf,Mid-Missouri Regional Planning Commission
0,Dec-08,5-Year Plan,https://www.statsamerica.org/ceds/ceds_files/2008_00_4_1_194.pdf,MO-KAN Regional Council
1,Dec-14,5-Year Plan,https://www.statsamerica.org/ceds/ceds_files/2014_00_4_1_194.pdf,MO-KAN Regional Council
2,Dec-20,5-Year Plan,https://www.statsamerica.org/ceds/ceds_files/2020_00_4_1_194.pdf,MO-KAN Regional Council
0,Dec-13,5-Year Plan,https://www.statsamerica.org/ceds/ceds_files/2013_00_4_1_196.pdf,Northwest Missouri Regional Council of Governments
1,Dec-18,5-Year Plan,https://www.statsamerica.org/ceds/ceds_files/2018_00_4_1_196.pdf,Northwest Missouri Regional Council of Governments
0,Dec-13,5-Year Plan,https://www.statsamerica.org/ceds/ceds_files/2013_00_4_1_197.pdf,Ozark Foothills Regional Planning Commission
1,Dec-18,5-Year Plan,https://www.statsamerica.org/ceds/ceds_files/2018_00_4_1_197.pdf,Ozark Foothills Regional Planning Commission
0,Dec-13,5-Year Plan,https://www.statsamerica.org/ceds/ceds_files/2013_00_4_1_233.pdf,Lake Agassiz Regional Council
1,Dec-18,5-Year Plan,https://www.statsamerica.org/ceds/ceds_files/2018_00_4_1_233.pdf,Lake Agassiz Regional Council
0,Dec-13,5-Year Plan,https://www.statsamerica.org/ceds/ceds_files/2013_00_4_1_234.pdf,Lewis and Clark Regional Development Council
1,Dec-19,5-Year Plan,https://www.statsamerica.org/ceds/ceds_files/2019_00_5_1_234.pdf,Lewis and Clark Regional Development Council
0,Dec-17,5-Year Plan,https://www.statsamerica.org/ceds/ceds_files/2017_00_5_1_235.pdf,North Central Planning Council
1,Sep-12,5-Year Plan,https://www.statsamerica.org/ceds/ceds_files/2012_09_1_1_235.pdf,North Central Planning Council
0,Dec-14,5-Year Plan,https://www.statsamerica.org/ceds/ceds_files/2014_00_4_1_236.pdf,Red River Regional Council
1,Dec-19,5-Year Plan,https://www.statsamerica.org/ceds/ceds_files/2019_00_4_1_236.pdf,Red River Regional Council
0,Dec-19,5-Year Plan,https://www.statsamerica.org/ceds/ceds_files/2019_00_4_1_239.pdf,South Central Dakota Regional Council
1,Apr-14,5-Year Plan,https://www.statsamerica.org/ceds/ceds_files/2014_04_4_1_239.pdf,South Central Dakota Regional Council
0,Dec-19,5-Year Plan,https://www.statsamerica.org/ceds/ceds_files/2019_00_4_1_238.pdf,Souris Basin Planning Council
0,Dec-17,5-Year Plan,https://www.statsamerica.org/ceds/ceds_files/2017_00_4_1_240.pdf,Tri-County Regional Development Council
0,Dec-14,5-Year Plan,https://www.statsamerica.org/ceds/ceds_files/2014_00_4_1_241.pdf,Central Nebraska Economic Development District
1,Dec-18,5-Year Plan,https://www.statsamerica.org/ceds/ceds_files/2018_00_5_1_241.pdf,Central Nebraska Economic Development District
0,Dec-14,5-Year Plan,https://www.statsamerica.org/ceds/ceds_files/2014_00_4_1_242.pdf,Northeast Nebraska Economic Development District
1,Dec-19,5-Year Plan,https://www.statsamerica.org/ceds/ceds_files/2019_00_4_1_242.pdf,Northeast Nebraska Economic Development District
0,Dec-14,5-Year Plan,https://www.statsamerica.org/ceds/ceds_files/2014_00_4_1_244.pdf,Panhandle Area Development District
1,Dec-19,5-Year Plan,https://www.statsamerica.org/ceds/ceds_files/2019_00_4_1_244.pdf,Panhandle Area Development District
0,Dec-19,5-Year Plan,https://www.statsamerica.org/ceds/ceds_files/2019_00_4_1_413.pdf,Associated Governments Of Northwest Colorado
0,Dec-09,5-Year Plan,https://www.statsamerica.org/ceds/ceds_files/2009_00_4_1_319.pdf,South Eastern Council of Governments
1,Dec-14,5-Year Plan,https://www.statsamerica.org/ceds/ceds_files/2014_00_4_1_319.pdf,South Eastern Council of Governments
2,Dec-19,5-Year Plan,https://www.statsamerica.org/ceds/ceds_files/2019_00_5_1_319.pdf,South Eastern Council of Governments
0,Dec-18,5-Year Plan,https://www.statsamerica.org/ceds/ceds_files/2018_00_4_1_352.pdf,Bear River Association of Governments
0,Dec-14,5-Year Plan,https://www.statsamerica.org/ceds/ceds_files/2014_00_4_1_353.pdf,Five County Association of Governments
1,Dec-20,5-Year Plan,https://www.statsamerica.org/ceds/ceds_files/2020_00_4_1_353.pdf,Five County Association of Governments
0,Dec-19,5-Year Plan,https://www.statsamerica.org/ceds/ceds_files/2019_00_4_1_354.pdf,Mountainland Economic Development District
0,Dec-14,5-Year Plan,https://www.statsamerica.org/ceds/ceds_files/2014_00_4_1_355.pdf,Six County Economic Development District
1,Dec-19,5-Year Plan,https://www.statsamerica.org/ceds/ceds_files/2019_00_4_1_355.pdf,Six County Economic Development District
0,Dec-08,5-Year Plan,https://www.statsamerica.org/ceds/ceds_files/2008_00_4_1_356.pdf,Southeastern Utah Economic Development District
1,Dec-15,5-Year Plan,https://www.statsamerica.org/ceds/ceds_files/2015_00_4_1_356.pdf,Southeastern Utah Economic Development District
0,Dec-13,5-Year Plan,https://www.statsamerica.org/ceds/ceds_files/2013_00_4_1_357.pdf,Uintah Basin Economic Development District
1,Dec-18,5-Year Plan,https://www.statsamerica.org/ceds/ceds_files/2018_00_5_1_357.pdf,Uintah Basin Economic Development District
0,Dec-19,5-Year Plan,https://www.statsamerica.org/ceds/ceds_files/2019_00_4_1_108.pdf,Mid-America Regional Council
0,Dec-14,5-Year Plan,https://www.statsamerica.org/ceds/ceds_files/2014_00_5_1_243.pdf,Omaha-Council Bluffs Metropolitan Area Planning Agency
1,Dec-20,5-Year Plan,https://www.statsamerica.org/ceds/ceds_files/2020_00_4_1_243.pdf,Omaha-Council Bluffs Metropolitan Area Planning Agency
2,Jan-14,5-Year Plan,https://www.statsamerica.org/ceds/ceds_files/2014_01_4_1_243.pdf,Omaha-Council Bluffs Metropolitan Area Planning Agency
0,Dec-19,5-Year Plan,https://www.statsamerica.org/ceds/ceds_files/2019_00_5_1_246.pdf,South Central Economic Development District
0,Dec-13,5-Year Plan,https://www.statsamerica.org/ceds/ceds_files/2013_00_4_1_315.pdf,Central South Dakota Enhancement District
1,Dec-18,5-Year Plan,https://www.statsamerica.org/ceds/ceds_files/2018_00_5_1_315.pdf,Central South Dakota Enhancement District
0,Dec-17,5-Year Plan,https://www.statsamerica.org/ceds/ceds_files/2017_00_5_1_189.pdf,Lake of the Ozarks Council of Local Governments
1,Mar-12,5-Year Plan,https://www.statsamerica.org/ceds/ceds_files/2012_03_4_1_189.pdf,Lake of the Ozarks Council of Local Governments
2,Jun-02,5-Year Plan,https://www.statsamerica.org/ceds/ceds_files/2002_06_4_1_189.pdf,Lake of the Ozarks Council of Local Governments
0,Dec-13,5-Year Plan,https://www.statsamerica.org/ceds/ceds_files/2013_00_4_1_72.pdf,Region 6 Planning Commission
1,Dec-18,5-Year Plan,https://www.statsamerica.org/ceds/ceds_files/2018_00_0_1_72.pdf,Region 6 Planning Commission
0,Dec-12,5-Year Plan,https://www.statsamerica.org/ceds/ceds_files/2012_00_4_1_214.pdf,Eastern Plains Economic Development Corporation
1,Dec-17,5-Year Plan,https://www.statsamerica.org/ceds/ceds_files/2017_00_4_1_214.pdf,Eastern Plains Economic Development Corporation
0,Dec-17,5-Year Plan,https://www.statsamerica.org/ceds/ceds_files/2017_12_4_1_219.pdf,Northern Rocky Mountain Economic Development District
0,May-12,5-Year Plan,https://www.statsamerica.org/ceds/ceds_files/2012_05_4_1_198.pdf,Pioneer Trails Regional Planning Commission
1,Jun-17,5-Year Plan,https://www.statsamerica.org/ceds/ceds_files/2017_06_4_1_198.pdf,Pioneer Trails Regional Planning Commission
0,Dec-16,5-Year Plan,https://www.statsamerica.org/ceds/ceds_files/2016_00_3_1_85.pdf,BI-State Regional Commission
0,Dec-15,5-Year Plan,https://www.statsamerica.org/ceds/ceds_files/2015_00_5_1_391.pdf,Region 4 Planning and Development Council
0,Dec-14,5-Year Plan,https://www.statsamerica.org/ceds/ceds_files/2014_00_5_1_393.pdf,Region I Planning and Development Council
0,Dec-15,5-Year Plan,https://www.statsamerica.org/ceds/ceds_files/2015_00_5_1_396.pdf,Region VII Planning and Development Council
1,Dec-16,5-Year Plan,https://www.statsamerica.org/ceds/ceds_files/2016_00_5_1_396.pdf,Region VII Planning and Development Council
0,Dec-17,5-Year Plan,https://www.statsamerica.org/ceds/ceds_files/2017_00_1_1_5.pdf,Alabama-Tombigbee Regional Commission
1,Sep-07,5-Year Plan,https://www.statsamerica.org/ceds/ceds_files/2007_09_1_1_5.pdf,Alabama-Tombigbee Regional Commission
0,Dec-13,5-Year Plan,https://www.statsamerica.org/ceds/ceds_files/2013_00_1_1_9.pdf,Regional Planning Commission of Greater Birmingham
1,Dec-17,5-Year Plan,https://www.statsamerica.org/ceds/ceds_files/2017_00_1_1_9.pdf,Regional Planning Commission of Greater Birmingham
0,Dec-12,5-Year Plan,https://www.statsamerica.org/ceds/ceds_files/2012_00_3_1_96.pdf,Two Rivers Economic Development District
1,Dec-17,5-Year Plan,https://www.statsamerica.org/ceds/ceds_files/2017_00_3_1_96.pdf,Two Rivers Economic Development District
0,Dec-13,5-Year Plan,https://www.statsamerica.org/ceds/ceds_files/2013_00_3_1_100.pdf,Indiana 15 Regional Planning Commission
0,Dec-10,5-Year Plan,https://www.statsamerica.org/ceds/ceds_files/2010_00_3_1_101.pdf,Kankakee Iroquois Regional Planning Commission
1,Dec-15,5-Year Plan,https://www.statsamerica.org/ceds/ceds_files/2015_00_3_1_101.pdf,Kankakee Iroquois Regional Planning Commission
0,Dec-14,5-Year Plan,https://www.statsamerica.org/ceds/ceds_files/2014_00_5_1_102.pdf,Region III-A Development and Regional Planning Commission
1,Dec-20,5-Year Plan,https://www.statsamerica.org/ceds/ceds_files/2020_00_3_1_102.pdf,Region III-A Development and Regional Planning Commission
0,Dec-15,5-Year Plan,https://www.statsamerica.org/ceds/ceds_files/2015_00_3_1_104.pdf,Southeastern Indiana Regional Planning Commission
0,Dec-12,5-Year Plan,https://www.statsamerica.org/ceds/ceds_files/2012_00_1_1_47.pdf,South Florida Regional Planning Council
1,Dec-17,5-Year Plan,https://www.statsamerica.org/ceds/ceds_files/2017_00_1_1_47.pdf,South Florida Regional Planning Council
0,Dec-12,5-Year Plan,https://www.statsamerica.org/ceds/ceds_files/2012_00_1_1_48.pdf,Southwest Florida Regional Planning Council
1,Sep-17,5-Year Plan,https://www.statsamerica.org/ceds/ceds_files/2017_09_1_1_48.pdf,Southwest Florida Regional Planning Council
0,Dec-13,5-Year Plan,https://www.statsamerica.org/ceds/ceds_files/2013_00_1_1_49.pdf,Tampa Bay Regional Planning Council
0,Dec-17,5-Year Plan,https://www.statsamerica.org/ceds/ceds_files/2017_00_1_1_53.pdf,Atlanta Regional Commission
0,Dec-18,5-Year Plan,https://www.statsamerica.org/ceds/ceds_files/2018_00_1_1_54.pdf,Central Savannah River Area Regional Commission
0,Dec-19,5-Year Plan,https://www.statsamerica.org/ceds/ceds_files/2019_00_3_1_105.pdf,Southern Indiana Development Commission
0,Dec-13,5-Year Plan,https://www.statsamerica.org/ceds/ceds_files/2013_00_3_1_106.pdf,West Central Indiana Economic Development District
0,Dec-16,5-Year Plan,https://www.statsamerica.org/ceds/ceds_files/2016_00_3_1_153.pdf,Central Upper Peninsula Planning and Development Regional Commission
0,Dec-15,5-Year Plan,https://www.statsamerica.org/ceds/ceds_files/2015_00_3_1_158.pdf,Eastern Upper Peninsula Regional Planning and Development Commission
0,Dec-15,5-Year Plan,https://www.statsamerica.org/ceds/ceds_files/2015_00_3_1_159.pdf,Northeast Michigan Council of Governments
0,Dec-17,5-Year Plan,https://www.statsamerica.org/ceds/ceds_files/2017_00_1_1_64.pdf,Three Rivers  Regional Commission
1,Sep-12,5-Year Plan,https://www.statsamerica.org/ceds/ceds_files/2012_09_1_1_64.pdf,Three Rivers  Regional Commission
0,Dec-12,5-Year Plan,https://www.statsamerica.org/ceds/ceds_files/2012_00_1_1_55.pdf,Coastal Georgia Regional Commission
1,Dec-17,5-Year Plan,https://www.statsamerica.org/ceds/ceds_files/2017_00_1_1_55.pdf,Coastal Georgia Regional Commission
0,Sep-12,5-Year Plan,https://www.statsamerica.org/ceds/ceds_files/2012_09_1_1_60.pdf,Northwest Georgia Regional Commission
0,Dec-17,5-Year Plan,https://www.statsamerica.org/ceds/ceds_files/2017_00_1_1_56.pdf,Georgia Mountains Regional Commission
0,Dec-18,5-Year Plan,https://www.statsamerica.org/ceds/ceds_files/2018_00_1_1_62.pdf,Southern Georgia Regional Commission
1,Sep-12,5-Year Plan,https://www.statsamerica.org/ceds/ceds_files/2012_09_1_1_62.pdf,Southern Georgia Regional Commission
0,Dec-18,5-Year Plan,https://www.statsamerica.org/ceds/ceds_files/2018_00_1_1_121.pdf,Kentuckiana Regional Planning and Development Agency (KY DLG/Gold)
1,Sep-12,5-Year Plan,https://www.statsamerica.org/ceds/ceds_files/2012_09_1_1_121.pdf,Kentuckiana Regional Planning and Development Agency (KY DLG/Gold)
0,Dec-12,5-Year Plan,https://www.statsamerica.org/ceds/ceds_files/2012_00_1_1_63.pdf,Southwest Georgia Regional Commission
0,Dec-17,5-Year Plan,https://www.statsamerica.org/ceds/ceds_files/2017_12_1_1_113.pdf,Barren River Area Development District (KY DLG/Gold)
0,Dec-17,5-Year Plan,https://www.statsamerica.org/ceds/ceds_files/2017_00_1_1_114.pdf,Big Sandy Area Development District (KY DLG/Gold)
1,Dec-20,5-Year Plan,https://www.statsamerica.org/ceds/ceds_files/2020_00_1_1_114.pdf,Big Sandy Area Development District (KY DLG/Gold)
0,Dec-17,5-Year Plan,https://www.statsamerica.org/ceds/ceds_files/2017_12_1_1_115.pdf,Bluegrass Area Development District (KY DLG/Gold)
0,Nov-17,5-Year Plan,https://www.statsamerica.org/ceds/ceds_files/2017_11_1_1_116.pdf,Buffalo Trace Area Development District (KY DLG/Gold)
0,Dec-12,5-Year Plan,https://www.statsamerica.org/ceds/ceds_files/2012_00_1_1_117.pdf,Cumberland Valley Area Development District (KYDLG/Gold)
1,Dec-17,5-Year Plan,https://www.statsamerica.org/ceds/ceds_files/2017_00_1_1_117.pdf,Cumberland Valley Area Development District (KYDLG/Gold)
0,Dec-17,5-Year Plan,https://www.statsamerica.org/ceds/ceds_files/2017_00_1_1_127.pdf,Purchase Area Development District (KY DLG/Gold)
0,Dec-18,5-Year Plan,https://www.statsamerica.org/ceds/ceds_files/2018_00_1_1_201.pdf,Central Mississippi Planning and Development District
1,Jan-18,5-Year Plan,https://www.statsamerica.org/ceds/ceds_files/2018_01_1_1_201.pdf,Central Mississippi Planning and Development District
0,Dec-17,5-Year Plan,https://www.statsamerica.org/ceds/ceds_files/2017_00_1_1_202.pdf,East Central Planning and Development District
0,Dec-18,5-Year Plan,https://www.statsamerica.org/ceds/ceds_files/2018_00_1_1_203.pdf,Golden Triangle Planning and Development District
0,Dec-17,5-Year Plan,https://www.statsamerica.org/ceds/ceds_files/2017_00_1_1_204.pdf,North Central Mississippi Planning and Development District
0,Dec-12,5-Year Plan,https://www.statsamerica.org/ceds/ceds_files/2012_00_1_1_205.pdf,North Delta Planning and Development District
1,Dec-17,5-Year Plan,https://www.statsamerica.org/ceds/ceds_files/2017_00_1_1_205.pdf,North Delta Planning and Development District
0,Dec-18,5-Year Plan,https://www.statsamerica.org/ceds/ceds_files/2018_00_1_1_206.pdf,Northeast Mississippi Planning and Development District
0,Dec-18,5-Year Plan,https://www.statsamerica.org/ceds/ceds_files/2018_00_1_1_207.pdf,South Delta Planning and Development District
0,Dec-13,5-Year Plan,https://www.statsamerica.org/ceds/ceds_files/2013_00_1_1_208.pdf,Southern Mississippi Planning and Development District
1,Dec-18,5-Year Plan,https://www.statsamerica.org/ceds/ceds_files/2018_00_1_1_208.pdf,Southern Mississippi Planning and Development District
0,Dec-18,5-Year Plan,https://www.statsamerica.org/ceds/ceds_files/2018_00_1_1_209.pdf,Southwest Mississippi Planning and Development District
1,Feb-13,5-Year Plan,https://www.statsamerica.org/ceds/ceds_files/2013_02_1_1_209.pdf,Southwest Mississippi Planning and Development District
0,Dec-12,5-Year Plan,https://www.statsamerica.org/ceds/ceds_files/2012_00_1_1_210.pdf,Three Rivers Planning and Development District
1,Dec-17,5-Year Plan,https://www.statsamerica.org/ceds/ceds_files/2017_00_1_1_210.pdf,Three Rivers Planning and Development District
0,Dec-16,5-Year Plan,https://www.statsamerica.org/ceds/ceds_files/2016_00_3_1_177.pdf,Mid-Minnesota Development Commission
0,Dec-16,5-Year Plan,https://www.statsamerica.org/ceds/ceds_files/2016_00_3_1_178.pdf,Northwest Regional Development Commission
0,Dec-15,5-Year Plan,https://www.statsamerica.org/ceds/ceds_files/2015_00_3_1_179.pdf,Region 5 Development Commission
1,Dec-16,5-Year Plan,https://www.statsamerica.org/ceds/ceds_files/2016_00_3_1_179.pdf,Region 5 Development Commission
2,Dec-20,5-Year Plan,https://www.statsamerica.org/ceds/ceds_files/2020_00_3_1_179.pdf,Region 5 Development Commission
0,Dec-16,5-Year Plan,https://www.statsamerica.org/ceds/ceds_files/2016_00_6_1_180.pdf,Region 9 Development Commission
0,Dec-13,5-Year Plan,https://www.statsamerica.org/ceds/ceds_files/2013_00_3_1_182.pdf,Upper Minnesota Valley Regional Development Commission
1,Dec-16,5-Year Plan,https://www.statsamerica.org/ceds/ceds_files/2016_00_3_1_182.pdf,Upper Minnesota Valley Regional Development Commission
0,Dec-11,5-Year Plan,https://www.statsamerica.org/ceds/ceds_files/2011_00_3_1_183.pdf,West Central Initiative
0,Dec-15,5-Year Plan,https://www.statsamerica.org/ceds/ceds_files/2015_00_3_1_270.pdf,Buckeye Hills-Hocking Valley Regional Development District
0,Dec-12,5-Year Plan,https://www.statsamerica.org/ceds/ceds_files/2012_00_1_1_230.pdf,Southwestern Commission
1,Sep-17,5-Year Plan,https://www.statsamerica.org/ceds/ceds_files/2017_09_1_1_230.pdf,Southwestern Commission
0,Dec-12,5-Year Plan,https://www.statsamerica.org/ceds/ceds_files/2012_00_1_1_231.pdf,Upper Coastal Plain Council of Governments
0,Sep-17,5-Year Plan,https://www.statsamerica.org/ceds/ceds_files/2017_09_1_1_232.pdf,Western Piedmont Council of Governments
0,Dec-14,5-Year Plan,https://www.statsamerica.org/ceds/ceds_files/2014_00_1_1_305.pdf,Catawba Regional Council of Governments
0,Jun-12,5-Year Plan,https://www.statsamerica.org/ceds/ceds_files/2012_06_1_1_306.pdf,Central Midlands Council of Governments
0,Dec-17,5-Year Plan,https://www.statsamerica.org/ceds/ceds_files/2017_00_1_1_307.pdf,Low Country Council of Governments
0,Dec-12,5-Year Plan,https://www.statsamerica.org/ceds/ceds_files/2012_00_1_1_308.pdf,Lower Savannah Council of Governments
0,Dec-17,5-Year Plan,https://www.statsamerica.org/ceds/ceds_files/2017_00_1_1_309.pdf,Pee Dee Regional Council of Governments
0,Dec-17,5-Year Plan,https://www.statsamerica.org/ceds/ceds_files/2017_00_1_1_310.pdf,Santee-Lynches Regional Council of Governments
0,Dec-18,5-Year Plan,https://www.statsamerica.org/ceds/ceds_files/2018_00_1_1_311.pdf,South Carolina Appalachian Council of Governments
0,Dec-18,5-Year Plan,https://www.statsamerica.org/ceds/ceds_files/2018_00_1_1_312.pdf,Upper Savannah Council of Governments
1,Jul-14,5-Year Plan,https://www.statsamerica.org/ceds/ceds_files/2014_07_1_1_312.pdf,Upper Savannah Council of Governments
0,Sep-17,5-Year Plan,https://www.statsamerica.org/ceds/ceds_files/2017_09_1_1_313.pdf,Waccamaw Regional Council of Governments
1,Nov-12,5-Year Plan,https://www.statsamerica.org/ceds/ceds_files/2012_11_1_1_313.pdf,Waccamaw Regional Council of Governments
0,Dec-15,5-Year Plan,https://www.statsamerica.org/ceds/ceds_files/2015_00_1_1_320.pdf,East Tennessee Development District
1,Dec-18,5-Year Plan,https://www.statsamerica.org/ceds/ceds_files/2018_00_1_1_320.pdf,East Tennessee Development District
0,Dec-17,5-Year Plan,https://www.statsamerica.org/ceds/ceds_files/2017_00_1_1_321.pdf,First Tennessee Development District
1,Sep-12,5-Year Plan,https://www.statsamerica.org/ceds/ceds_files/2012_09_1_1_321.pdf,First Tennessee Development District
0,Dec-18,5-Year Plan,https://www.statsamerica.org/ceds/ceds_files/2018_00_1_1_322.pdf,Greater Nashville Regional Council
0,Dec-12,5-Year Plan,https://www.statsamerica.org/ceds/ceds_files/2012_00_1_1_323.pdf,Memphis Area Association of Governments
1,Dec-17,5-Year Plan,https://www.statsamerica.org/ceds/ceds_files/2017_00_1_1_323.pdf,Memphis Area Association of Governments
0,Dec-17,5-Year Plan,https://www.statsamerica.org/ceds/ceds_files/2017_00_1_1_324.pdf,Northwest Tennessee Development District
0,Dec-13,5-Year Plan,https://www.statsamerica.org/ceds/ceds_files/2013_00_3_1_271.pdf,Eastgate Regional Council of Governments
1,Dec-16,5-Year Plan,https://www.statsamerica.org/ceds/ceds_files/2016_00_3_1_271.pdf,Eastgate Regional Council of Governments
2,Dec-20,5-Year Plan,https://www.statsamerica.org/ceds/ceds_files/2020_00_3_1_271.pdf,Eastgate Regional Council of Governments
0,Dec-13,5-Year Plan,https://www.statsamerica.org/ceds/ceds_files/2013_00_3_1_272.pdf,Northeast Ohio Four County Regional Planning and Development Organization
0,Dec-17,5-Year Plan,https://www.statsamerica.org/ceds/ceds_files/2017_00_3_1_273.pdf,Ohio Mid-Eastern Government Association
0,Dec-12,5-Year Plan,https://www.statsamerica.org/ceds/ceds_files/2012_00_3_1_274.pdf,Ohio Valley Regional Development Commission
1,Dec-17,5-Year Plan,https://www.statsamerica.org/ceds/ceds_files/2017_00_3_1_274.pdf,Ohio Valley Regional Development Commission
0,Dec-17,5-Year Plan,https://www.statsamerica.org/ceds/ceds_files/2017_00_3_1_379.pdf,Bay-Lake Regional Planning Commission
0,Dec-13,5-Year Plan,https://www.statsamerica.org/ceds/ceds_files/2013_00_3_1_380.pdf,East Central Wisconsin Regional Planning Commission
1,Dec-18,5-Year Plan,https://www.statsamerica.org/ceds/ceds_files/2018_00_3_1_380.pdf,East Central Wisconsin Regional Planning Commission
0,Dec-07,5-Year Plan,https://www.statsamerica.org/ceds/ceds_files/2007_00_4_1_36.pdf,San Luis Valley Development Resource Group
1,Dec-13,5-Year Plan,https://www.statsamerica.org/ceds/ceds_files/2013_00_4_1_36.pdf,San Luis Valley Development Resource Group
2,Dec-18,5-Year Plan,https://www.statsamerica.org/ceds/ceds_files/2018_00_4_1_36.pdf,San Luis Valley Development Resource Group
3,Sep-02,5-Year Plan,https://www.statsamerica.org/ceds/ceds_files/2002_09_4_1_36.pdf,San Luis Valley Development Resource Group
0,Dec-12,5-Year Plan,https://www.statsamerica.org/ceds/ceds_files/2012_00_4_1_65.pdf,Area 15 Regional Planning Commission
1,Dec-17,5-Year Plan,https://www.statsamerica.org/ceds/ceds_files/2017_00_5_1_65.pdf,Area 15 Regional Planning Commission
0,Dec-21,5-Year Plan,https://www.statsamerica.org/ceds/ceds_files/2021_00_4_1_66.pdf,East Central Intergovernmental Association
0,Dec-11,5-Year Plan,https://www.statsamerica.org/ceds/ceds_files/2011_00_4_1_67.pdf,East Central Iowa Council of Governments
1,Dec-18,5-Year Plan,https://www.statsamerica.org/ceds/ceds_files/2018_00_4_1_67.pdf,East Central Iowa Council of Governments
0,Dec-17,5-Year Plan,https://www.statsamerica.org/ceds/ceds_files/2017_00_4_1_68.pdf,Iowa Northland Regional Economic Development Commission
1,Oct-12,5-Year Plan,https://www.statsamerica.org/ceds/ceds_files/2012_10_4_1_68.pdf,Iowa Northland Regional Economic Development Commission
0,Dec-12,5-Year Plan,https://www.statsamerica.org/ceds/ceds_files/2012_00_4_1_69.pdf,Mid-Iowa Development Association Council of Governments
0,Dec-08,5-Year Plan,https://www.statsamerica.org/ceds/ceds_files/2008_00_5_1_263.pdf,Genesee Finger Lakes Regional Planning Council
1,Dec-14,5-Year Plan,https://www.statsamerica.org/ceds/ceds_files/2014_00_5_1_263.pdf,Genesee Finger Lakes Regional Planning Council
2,Dec-16,5-Year Plan,https://www.statsamerica.org/ceds/ceds_files/2016_00_5_1_263.pdf,Genesee Finger Lakes Regional Planning Council
0,Dec-13,5-Year Plan,https://www.statsamerica.org/ceds/ceds_files/2013_00_5_1_264.pdf,Hudson Valley Regional Council
0,Dec-16,5-Year Plan,https://www.statsamerica.org/ceds/ceds_files/2016_00_5_1_267.pdf,Southern Tier Central Regional Planning and Development Board
1,Jan-12,5-Year Plan,https://www.statsamerica.org/ceds/ceds_files/2012_01_5_1_267.pdf,Southern Tier Central Regional Planning and Development Board
0,Dec-18,5-Year Plan,https://www.statsamerica.org/ceds/ceds_files/2018_00_5_1_268.pdf,Southern Tier 8 Regional Board
0,Dec-07,5-Year Plan,https://www.statsamerica.org/ceds/ceds_files/2007_00_5_1_269.pdf,Southern Tier West Regional Planning and Development Board
1,Dec-20,5-Year Plan,https://www.statsamerica.org/ceds/ceds_files/2020_00_5_1_269.pdf,Southern Tier West Regional Planning and Development Board
0,Dec-13,5-Year Plan,https://www.statsamerica.org/ceds/ceds_files/2013_12_5_1_298.pdf,Northeastern Pennsylvania Alliance
0,Dec-07,5-Year Plan,https://www.statsamerica.org/ceds/ceds_files/2007_00_2_1_329.pdf,Alamo Area Council of Governments
1,Dec-12,5-Year Plan,https://www.statsamerica.org/ceds/ceds_files/2012_00_2_1_329.pdf,Alamo Area Council of Governments
0,Dec-06,5-Year Plan,https://www.statsamerica.org/ceds/ceds_files/2006_00_2_1_330.pdf,Brazos Valley Council of Governments
0,Dec-15,5-Year Plan,https://www.statsamerica.org/ceds/ceds_files/2015_00_2_1_331.pdf,Capital Area Economic Development District
0,Dec-06,5-Year Plan,https://www.statsamerica.org/ceds/ceds_files/2006_00_2_1_333.pdf,Concho Valley Economic Development District
0,Dec-11,5-Year Plan,https://www.statsamerica.org/ceds/ceds_files/2011_00_2_1_334.pdf,Deep East Texas Council of Governments
0,Dec-14,5-Year Plan,https://www.statsamerica.org/ceds/ceds_files/2014_00_2_1_338.pdf,Gulf Coast Economic Development District
1,Dec-20,5-Year Plan,https://www.statsamerica.org/ceds/ceds_files/2020_00_2_1_338.pdf,Gulf Coast Economic Development District
0,Dec-15,5-Year Plan,https://www.statsamerica.org/ceds/ceds_files/2015_00_2_1_341.pdf,Middle Rio Grande Development Council
0,Dec-18,5-Year Plan,https://www.statsamerica.org/ceds/ceds_files/2018_00_2_1_343.pdf,Northeast Texas Economic Development District
0,Dec-10,5-Year Plan,https://www.statsamerica.org/ceds/ceds_files/2010_00_2_1_346.pdf,South East Texas Regional Planning Commission
1,Dec-15,5-Year Plan,https://www.statsamerica.org/ceds/ceds_files/2015_00_2_1_346.pdf,South East Texas Regional Planning Commission
0,Dec-17,5-Year Plan,https://www.statsamerica.org/ceds/ceds_files/2017_00_2_1_347.pdf,South Plains Association of Governments
0,Dec-06,5-Year Plan,https://www.statsamerica.org/ceds/ceds_files/2006_00_2_1_348.pdf,South Texas Development Council
0,Jun-11,5-Year Plan,https://www.statsamerica.org/ceds/ceds_files/2011_06_2_1_351.pdf,West Texas Economic Development District
0,Dec-14,5-Year Plan,https://www.statsamerica.org/ceds/ceds_files/2014_00_2_1_134.pdf,Regional Planning Commission
1,Dec-19,5-Year Plan,https://www.statsamerica.org/ceds/ceds_files/2019_00_2_1_134.pdf,Regional Planning Commission
0,Dec-13,5-Year Plan,https://www.statsamerica.org/ceds/ceds_files/2013_00_2_1_335.pdf,Development District of Central Texas
0,Dec-03,5-Year Plan,https://www.statsamerica.org/ceds/ceds_files/2003_00_2_1_339.pdf,Heart of Texas Council of Governments
1,Dec-13,5-Year Plan,https://www.statsamerica.org/ceds/ceds_files/2013_00_2_1_339.pdf,Heart of Texas Council of Governments
2,Dec-15,5-Year Plan,https://www.statsamerica.org/ceds/ceds_files/2015_00_2_1_339.pdf,Heart of Texas Council of Governments
0,Dec-08,5-Year Plan,https://www.statsamerica.org/ceds/ceds_files/2008_00_2_1_345.pdf,Permian Basin Regional Planning Commission
1,Dec-15,5-Year Plan,https://www.statsamerica.org/ceds/ceds_files/2015_00_2_1_345.pdf,Permian Basin Regional Planning Commission
0,Dec-15,5-Year Plan,https://www.statsamerica.org/ceds/ceds_files/2015_00_2_1_342.pdf,Nortex Regional Planning Commission
0,Dec-12,5-Year Plan,https://www.statsamerica.org/ceds/ceds_files/2012_00_6_1_290.pdf,Greater Portland Inc.
0,Dec-19,5-Year Plan,https://www.statsamerica.org/ceds/ceds_files/2019_00_2_1_275.pdf,Association of Central Oklahoma Governments
1,Dec-21,5-Year Plan,https://www.statsamerica.org/ceds/ceds_files/2021_00_2_1_275.pdf,Association of Central Oklahoma Governments
0,Dec-13,5-Year Plan,https://www.statsamerica.org/ceds/ceds_files/2013_00_2_1_280.pdf,Indian Nations Council of Governments
1,Dec-18,5-Year Plan,https://www.statsamerica.org/ceds/ceds_files/2018_00_2_1_280.pdf,Indian Nations Council of Governments
0,Dec-15,5-Year Plan,https://www.statsamerica.org/ceds/ceds_files/2015_00_4_1_31.pdf,East Central Council of Local Governments
1,May-09,5-Year Plan,https://www.statsamerica.org/ceds/ceds_files/2009_05_4_1_31.pdf,East Central Council of Local Governments
2,Jun-15,5-Year Plan,https://www.statsamerica.org/ceds/ceds_files/2015_06_4_1_31.pdf,East Central Council of Local Governments
0,Dec-20,5-Year Plan,https://www.statsamerica.org/ceds/ceds_files/2020_00_5_1_144.pdf,Tri-County Council for Lower Eastern Shore
0,Dec-17,5-Year Plan,https://www.statsamerica.org/ceds/ceds_files/2017_00_4_1_33.pdf,Northwest Colorado Council of Governments/EDD 
1,Sep-11,5-Year Plan,https://www.statsamerica.org/ceds/ceds_files/2011_09_4_1_33.pdf,Northwest Colorado Council of Governments/EDD 
0,Dec-18,5-Year Plan,https://www.statsamerica.org/ceds/ceds_files/2018_00_5_1_149.pdf,Greater Portland Council of Governments - EDD
0,Dec-14,5-Year Plan,https://www.statsamerica.org/ceds/ceds_files/2014_00_4_1_187.pdf,Harry S. Truman Coordinating Council
1,Dec-19,5-Year Plan,https://www.statsamerica.org/ceds/ceds_files/2019_00_4_1_187.pdf,Harry S. Truman Coordinating Council
2,May-09,5-Year Plan,https://www.statsamerica.org/ceds/ceds_files/2009_05_4_1_187.pdf,Harry S. Truman Coordinating Council
0,Dec-11,5-Year Plan,https://www.statsamerica.org/ceds/ceds_files/2011_00_5_1_38.pdf,Central Connecticut EDD
1,Apr-04,5-Year Plan,https://www.statsamerica.org/ceds/ceds_files/2004_04_5_1_38.pdf,Central Connecticut EDD
2,Jun-05,5-Year Plan,https://www.statsamerica.org/ceds/ceds_files/2005_06_5_1_38.pdf,Central Connecticut EDD
0,Dec-10,5-Year Plan,https://www.statsamerica.org/ceds/ceds_files/2010_00_5_1_39.pdf,Naugatuck Valley Corridor Economic Development District
1,Dec-15,5-Year Plan,https://www.statsamerica.org/ceds/ceds_files/2015_00_5_1_39.pdf,Naugatuck Valley Corridor Economic Development District
0,Dec-13,5-Year Plan,https://www.statsamerica.org/ceds/ceds_files/2013_00_5_1_40.pdf,South Central Connecticut Regional Economic Development Corporation
1,Dec-18,5-Year Plan,https://www.statsamerica.org/ceds/ceds_files/2018_00_5_1_40.pdf,South Central Connecticut Regional Economic Development Corporation
0,Dec-11,5-Year Plan,https://www.statsamerica.org/ceds/ceds_files/2011_00_5_1_369.pdf,East Central Vermont Economic Development District
1,Dec-15,5-Year Plan,https://www.statsamerica.org/ceds/ceds_files/2015_00_5_1_369.pdf,East Central Vermont Economic Development District
0,Dec-09,5-Year Plan,https://www.statsamerica.org/ceds/ceds_files/2009_00_5_1_135.pdf,Cape Cod Economic Development District
1,Dec-14,5-Year Plan,https://www.statsamerica.org/ceds/ceds_files/2014_00_5_1_135.pdf,Cape Cod Economic Development District
2,Dec-19,5-Year Plan,https://www.statsamerica.org/ceds/ceds_files/2019_00_5_1_135.pdf,Cape Cod Economic Development District
0,Dec-18,5-Year Plan,https://www.statsamerica.org/ceds/ceds_files/2018_00_4_1_358.pdf,Wasatch Front Regional Council/Wasatch Front Economic Development District
0,Feb-14,5-Year Plan,https://www.statsamerica.org/ceds/ceds_files/2014_02_1_1_401.pdf,Piedmont Triad Regional Development Corporation
0,Dec-06,5-Year Plan,https://www.statsamerica.org/ceds/ceds_files/2006_00_1_1_399.pdf,Central Alabama Regional Planning and Development Commission
1,Dec-15,5-Year Plan,https://www.statsamerica.org/ceds/ceds_files/2015_00_1_1_399.pdf,Central Alabama Regional Planning and Development Commission
2,Dec-17,5-Year Plan,https://www.statsamerica.org/ceds/ceds_files/2017_00_1_1_399.pdf,Central Alabama Regional Planning and Development Commission
0,Dec-15,5-Year Plan,https://www.statsamerica.org/ceds/ceds_files/2015_00_3_1_400.pdf,Michiana Area Council of Governments
1,Dec-20,5-Year Plan,https://www.statsamerica.org/ceds/ceds_files/2020_00_3_1_400.pdf,Michiana Area Council of Governments
0,Dec-19,5-Year Plan,https://www.statsamerica.org/ceds/ceds_files/2019_00_4_1_402.pdf,Flint Hills Regional Council
0,Dec-18,5-Year Plan,https://www.statsamerica.org/ceds/ceds_files/2018_00_5_1_403.pdf,Northwest Connecticut Economic Development District
0,Dec-16,5-Year Plan,https://www.statsamerica.org/ceds/ceds_files/2016_00_2_1_404.pdf,North Central Texas Council of Governments
0,Dec-20,5-Year Plan,https://www.statsamerica.org/ceds/ceds_files/2020_00_5_1_405.pdf,Roanoke Valley-Alleghany Economic Development District
0,Dec-13,5-Year Plan,https://www.statsamerica.org/ceds/ceds_files/2013_00_1_1_409.pdf,Triangle J Council of Governments
0,Dec-18,5-Year Plan,https://www.statsamerica.org/ceds/ceds_files/2018_00_6_1_410.pdf,Cowlitz-Wahkiakum Council of Governments
0,Dec-18,5-Year Plan,https://www.statsamerica.org/ceds/ceds_files/2018_00_3_1_412.pdf,Northwestern Indiana Regional Planning Commission
0,Dec-17,5-Year Plan,https://www.statsamerica.org/ceds/ceds_files/2017_00_1_1_6.pdf,East Alabama Regional Planning and Development Commission
0,Dec-17,5-Year Plan,https://www.statsamerica.org/ceds/ceds_files/2017_00_1_1_7.pdf,North-Central Alabama Council of Governments
0,Dec-08,5-Year Plan,https://www.statsamerica.org/ceds/ceds_files/2008_00_5_1_299.pdf,Northern Tier Regional Planning and Development Commission
0,Dec-14,5-Year Plan,https://www.statsamerica.org/ceds/ceds_files/2014_00_5_1_300.pdf,Northwest Pennsylvania Regional Planning and Development Commission
0,Dec-12,5-Year Plan,https://www.statsamerica.org/ceds/ceds_files/2012_00_5_1_302.pdf,Southern Alleghenies Planning and Development Commission
0,Dec-15,5-Year Plan,https://www.statsamerica.org/ceds/ceds_files/2015_00_5_1_301.pdf,SEDA-Council of Governments
0,Dec-14,5-Year Plan,https://www.statsamerica.org/ceds/ceds_files/2014_00_5_1_359.pdf,Accomack-Northampton Planning District Commission
1,Nov-12,5-Year Plan,https://www.statsamerica.org/ceds/ceds_files/2012_11_5_1_359.pdf,Accomack-Northampton Planning District Commission
0,Dec-00,5-Year Plan,https://www.statsamerica.org/ceds/ceds_files/2000_00_5_1_360.pdf,Central Shenandoah Planning District Commission